{
	"fieldSets": [
		{
			"label":"data",
			"fields":[
				{
					"name":"structuredContentId",
					"label":"Structured Content Id",
					"description":"The numeric Id of the content type.",
					"type":"text",
					"defaultValue":"48720"
				},
				{
					"name": "filterType",
					"label": "Content Filter Type",
					"description": "Specify the type of the filtering.",
					"type": "select",
					"dataType": "string",
					"typeOptions": {
						"validValues": [
							{"value": "By Tag"},
							{"value": "By User Custom Field"}
						]
					},
					"defaultValue": "By Tag"
				},
				{
					"name": "filterCondition",
					"label": "Content Filter Condition",
					"description": "Specify the filter condition (contains all or contains any).",
					"type": "select",
					"dataType": "string",
					"typeOptions": {
						"validValues": [
							{"value": "Any"},
							{"value": "All"}
						]
					},
					"defaultValue": "All"
				},
				{
					"name":"filterCriteria",
					"label":"Filter Criteria",
					"description":"Filtering criteria: tagname or expandoname",
					"type":"text",
					"defaultValue":"department-classics"
				},
				{
					"name":"pageSize",
					"label":"Items per Page",
					"description":"Number of items to display per page.",
					"type":"text",
					"defaultValue":"3"
				},
				{
					"name":"imageFieldName",
					"label":"Image Field Name",
					"description":"The name of the image content field.",
					"type":"text",
					"defaultValue":"NewsWC_MainImage"
				},
				{
					"name":"summaryFieldName",
					"label":"Summary Field Name",
					"description":"The name of the summary content field.",
					"type":"text",
					"defaultValue":"NewsWC_ShortSummary"
				}
			]
		}
	]
}